{"loss": [NaN, NaN, NaN, NaN, NaN, NaN, NaN, NaN, NaN, NaN, NaN, NaN, NaN, NaN, NaN, NaN, NaN, NaN, NaN, NaN, NaN, NaN, NaN, NaN, NaN, NaN, NaN, NaN, NaN, NaN, NaN, NaN, NaN, NaN, NaN, NaN, NaN, NaN, NaN, NaN, NaN, NaN, NaN, NaN, NaN, NaN, NaN, NaN, NaN, NaN, NaN, NaN, NaN, NaN, NaN], "nb_steps": [7, 28, 38, 63, 76, 113, 129, 136, 142, 159, 187, 193, 201, 217, 259, 274, 296, 301, 314, 339, 346, 366, 380, 408, 419, 464, 487, 497, 508, 518, 535, 555, 572, 600, 605, 611, 638, 682, 691, 700, 708, 754, 762, 770, 795, 842, 856, 875, 897, 910, 920, 967, 976, 984, 989], "episode_reward": [6.4, 18.299999999999997, 8.8, 21.999999999999993, 11.2, 31.59999999999999, 14.2, 6.7, 5.4, 14.299999999999997, 24.099999999999994, 5.4, 7.4, 14.2, 36.6, 12.899999999999999, 19.299999999999997, 4.7, 11.8, 22.299999999999997, 6.4, 17.599999999999998, 12.499999999999998, 24.399999999999995, 9.8, 39.6, 20.599999999999998, 9.7, 9.200000000000001, 9.4, 13.699999999999996, 16.699999999999996, 14.6, 24.099999999999994, 4.7, 6.0, 23.699999999999996, 37.4, 8.1, 7.5, 7.1000000000000005, 39.70000000000001, 7.7, 7.1000000000000005, 21.7, 40.1, 11.6, 15.099999999999998, 19.599999999999998, 11.199999999999998, 8.8, 41.6, 8.4, 7.7, 4.7], "mean_eps": [NaN, NaN, NaN, NaN, NaN, NaN, NaN, NaN, NaN, NaN, NaN, NaN, NaN, NaN, NaN, NaN, NaN, NaN, NaN, NaN, NaN, NaN, NaN, NaN, NaN, NaN, NaN, NaN, NaN, NaN, NaN, NaN, NaN, NaN, NaN, NaN, NaN, NaN, NaN, NaN, NaN, NaN, NaN, NaN, NaN, NaN, NaN, NaN, NaN, NaN, NaN, NaN, NaN, NaN, NaN], "mae": [NaN, NaN, NaN, NaN, NaN, NaN, NaN, NaN, NaN, NaN, NaN, NaN, NaN, NaN, NaN, NaN, NaN, NaN, NaN, NaN, NaN, NaN, NaN, NaN, NaN, NaN, NaN, NaN, NaN, NaN, NaN, NaN, NaN, NaN, NaN, NaN, NaN, NaN, NaN, NaN, NaN, NaN, NaN, NaN, NaN, NaN, NaN, NaN, NaN, NaN, NaN, NaN, NaN, NaN, NaN], "nb_episode_steps": [7, 21, 10, 25, 13, 37, 16, 7, 6, 17, 28, 6, 8, 16, 42, 15, 22, 5, 13, 25, 7, 20, 14, 28, 11, 45, 23, 10, 11, 10, 17, 20, 17, 28, 5, 6, 27, 44, 9, 9, 8, 46, 8, 8, 25, 47, 14, 19, 22, 13, 10, 47, 9, 8, 5], "duration": [8.08773398399353, 23.363461017608643, 11.271414995193481, 27.924586057662964, 14.56352186203003, 41.45928692817688, 18.02114701271057, 7.948458909988403, 6.856635093688965, 18.999129056930542, 31.167695999145508, 6.852841138839722, 9.06830883026123, 17.8890860080719, 47.185949087142944, 16.87609100341797, 24.99834394454956, 5.75921106338501, 14.60115098953247, 27.9902241230011, 7.862659215927124, 22.31805109977722, 15.638295888900757, 31.33333992958069, 12.362884044647217, 50.05704092979431, 25.654700994491577, 11.237490892410278, 12.356836080551147, 11.231425046920776, 18.979780912399292, 22.394487857818604, 19.088788986206055, 31.34258794784546, 5.798202991485596, 6.850258827209473, 29.982171058654785, 49.12810707092285, 10.263014078140259, 10.202651023864746, 9.016791105270386, 51.30997920036316, 9.050599098205566, 9.08656096458435, 28.029989004135132, 52.43943905830383, 15.680518865585327, 21.18241786956787, 24.60848307609558, 14.73680305480957, 11.343870162963867, 52.35668587684631, 10.195951223373413, 9.137645959854126, 5.760707139968872], "episode": [0, 1, 2, 3, 4, 5, 6, 7, 8, 9, 10, 11, 12, 13, 14, 15, 16, 17, 18, 19, 20, 21, 22, 23, 24, 25, 26, 27, 28, 29, 30, 31, 32, 33, 34, 35, 36, 37, 38, 39, 40, 41, 42, 43, 44, 45, 46, 47, 48, 49, 50, 51, 52, 53, 54], "mean_q": [NaN, NaN, NaN, NaN, NaN, NaN, NaN, NaN, NaN, NaN, NaN, NaN, NaN, NaN, NaN, NaN, NaN, NaN, NaN, NaN, NaN, NaN, NaN, NaN, NaN, NaN, NaN, NaN, NaN, NaN, NaN, NaN, NaN, NaN, NaN, NaN, NaN, NaN, NaN, NaN, NaN, NaN, NaN, NaN, NaN, NaN, NaN, NaN, NaN, NaN, NaN, NaN, NaN, NaN, NaN]}